medium_brand,2pn
A,0.6666666666666666
B,0.3333333333333333
